# Город, транспорт, путешествия | word ; русский ; azərbaycanca ; example ; ipa ; part of speech
urban;городской;şəhər;Urban areas are often crowded.;/ˈɜːbən/;adjective
rural;сельский;kənd;Life in rural areas is quieter.;/ˈrʊərəl/;adjective
population;население;əhali;The population of the city is growing.;/ˌpɒpjuˈleɪʃn/;noun
crowded;многолюдный, переполненный;izdihamlı, sıx;The bus was very crowded.;/ˈkraʊdɪd/;adjective
traffic jam;пробка;tıxac;I was late because of a traffic jam.;/ˈtræfɪk dʒæm/;noun
public transport;общественный транспорт;ictimai nəqliyyat;Public transport in Baku is cheap.;/ˌpʌblɪk ˈtrænspɔːt/;noun
commute;ездить на работу/учёбу;işə gedib-gəlmək;I commute to work by metro.;/kəˈmjuːt/;verb
passenger;пассажир;sərnişin;The plane had 200 passengers.;/ˈpæsɪndʒə(r)/;noun
vehicle;транспортное средство;nəqliyyat vasitəsi;The number of vehicles on the roads is rising.;/ˈviːəkl/;noun
journey;поездка, путь;səfər, yol;The journey took three hours.;/ˈdʒɜːni/;noun
destination;пункт назначения;təyinat yeri;Paris is a popular tourist destination.;/ˌdestɪˈneɪʃn/;noun
tourist;турист;turist;Many tourists visit the old city.;/ˈtʊərɪst/;noun
tourism;туризм;turizm;Tourism brings money to the country.;/ˈtʊərɪzəm/;noun
accommodation;жильё (на время);qalacaq yer;The price includes accommodation.;/əˌkɒməˈdeɪʃn/;noun
book;бронировать;rezerv etmək, sifariş etmək;I booked a hotel room online.;/bʊk/;verb
departure;отправление, вылет;yola düşmə, uçuş;The departure time is 9 a.m.;/dɪˈpɑːtʃə(r)/;noun
arrival;прибытие;gəliş;Our arrival was delayed.;/əˈraɪvl/;noun
delay;задержка;gecikmə;There was a two-hour delay.;/dɪˈleɪ/;noun
luggage;багаж;baqaj;Don't leave your luggage alone.;/ˈlʌɡɪdʒ/;noun
culture;культура;mədəniyyət;I love learning about other cultures.;/ˈkʌltʃə(r)/;noun
local;местный;yerli;Try the local food.;/ˈləʊkl/;adjective
resident;житель;sakin;Residents complained about the noise.;/ˈrezɪdənt/;noun
neighbourhood;район, окрестности;məhəllə;I live in a quiet neighbourhood.;/ˈneɪbəhʊd/;noun
facilities;удобства, инфраструктура (объекты);şərait, obyektlər;The city has good sports facilities.;/fəˈsɪlətiz/;noun
infrastructure;инфраструктура;infrastruktur;The government is investing in infrastructure.;/ˈɪnfrəstrʌktʃə(r)/;noun
construction;строительство;tikinti;Construction of the new bridge took two years.;/kənˈstrʌkʃn/;noun
skyscraper;небоскрёб;göydələn;Dubai has many skyscrapers.;/ˈskaɪskreɪpə(r)/;noun
housing;жильё;mənzil, yaşayış;Housing in the city centre is expensive.;/ˈhaʊzɪŋ/;noun
rent;арендная плата, аренда;kirayə haqqı;The rent is too high.;/rent/;noun
noise;шум;səs-küy;The noise from the road keeps me awake.;/nɔɪz/;noun
pedestrian;пешеход;piyada;This street is only for pedestrians.;/pəˈdestriən/;noun
crime;преступность, преступление;cinayət;Crime is falling in the city.;/kraɪm/;noun
safety;безопасность;təhlükəsizlik;Road safety is important.;/ˈseɪfti/;noun
migrate;переселяться, мигрировать;köçmək;Many people migrate to cities for work.;/maɪˈɡreɪt/;verb
explore;исследовать, осматривать;kəşf etmək, gəzib görmək;We explored the old town.;/ɪkˈsplɔː(r)/;verb
sightseeing;осмотр достопримечательностей;görməli yerləri gəzmək;We went sightseeing in Rome.;/ˈsaɪtsiːɪŋ/;noun
landmark;достопримечательность, символ места;görməli yer, rəmz;The Maiden Tower is a famous landmark.;/ˈlændmɑːk/;noun
historic;исторический (важный);tarixi;Baku has a beautiful historic centre.;/hɪˈstɒrɪk/;adjective
ancient;древний;qədim;Ancient buildings attract tourists.;/ˈeɪnʃənt/;adjective
souvenir;сувенир;suvenir;I bought a souvenir for my mother.;/ˌsuːvəˈnɪə(r)/;noun
currency;валюта;valyuta;The local currency is the manat.;/ˈkʌrənsi/;noun
visa;виза;viza;You need a visa to visit this country.;/ˈviːzə/;noun
border;граница;sərhəd;We crossed the border by car.;/ˈbɔːdə(r)/;noun
distance;расстояние;məsafə;The distance between the two cities is 100 km.;/ˈdɪstəns/;noun
fare;плата за проезд;gediş haqqı;The bus fare is very cheap.;/feə(r)/;noun
route;маршрут;marşrut;This is the fastest route to the airport.;/ruːt/;noun
cycle;ездить на велосипеде;velosiped sürmək;I cycle to school every day.;/ˈsaɪkl/;verb
accident;авария, несчастный случай;qəza;There was a car accident on the main road.;/ˈæksɪdənt/;noun
capital;столица;paytaxt;Baku is the capital of Azerbaijan.;/ˈkæpɪtl/;noun
countryside;сельская местность;kənd yerləri;I prefer the countryside to the city.;/ˈkʌntrisaɪd/;noun
