# Путешествия и приключения | word ; русский ; azərbaycanca ; example ; ipa ; part of speech
adventure;приключение;macəra;Our trip to the mountains was a real adventure.;/ədˈventʃə(r)/;noun
coast;побережье;sahil;We drove along the coast.;/kəʊst/;noun
desert;пустыня;səhra;It is very hot in the desert during the day.;/ˈdezət/;noun
jungle;джунгли;cəngəllik;Many wild animals live in the jungle.;/ˈdʒʌŋɡl/;noun
cave;пещера;mağara;We went into a dark cave with a torch.;/keɪv/;noun
valley;долина;vadi, dərə;There is a small village in the valley.;/ˈvæli/;noun
cliff;утёс, обрыв;qaya, sıldırım;Don't stand too close to the edge of the cliff.;/klɪf/;noun
hike;ходить в поход, гулять пешком;piyada yürüş etmək;We hiked up the mountain in four hours.;/haɪk/;verb
get lost;заблудиться;azmaq, yolu itirmək;We got lost in the narrow streets of the old town.;/ˌɡet ˈlɒst/;phrase
excursion;экскурсия;ekskursiya;We went on an excursion to Gobustan.;/ɪkˈskɜːʃn/;noun
cruise;круиз;kruiz;They went on a cruise around the Mediterranean.;/kruːz/;noun
hostel;хостел;hostel;Students often stay in cheap hostels.;/ˈhɒstl/;noun
campsite;кемпинг;düşərgə yeri, kempinq;We put up our tent at the campsite.;/ˈkæmpsaɪt/;noun
scenery;пейзаж, природа;mənzərə;The scenery in Sheki is beautiful.;/ˈsiːnəri/;noun
jet lag;смена часовых поясов, джетлаг;saat qurşağı yorğunluğu;I had terrible jet lag after my flight to Tokyo.;/ˈdʒet læɡ/;noun
seasick;страдающий морской болезнью;dəniz xəstəliyinə tutulmuş;I always get seasick on boats.;/ˈsiːsɪk/;adjective
remote;отдалённый;ucqar, uzaq;They live in a remote village in the mountains.;/rɪˈməʊt/;adjective
exotic;экзотический;ekzotik;I love trying exotic fruit.;/ɪɡˈzɒtɪk/;adjective
breathtaking;захватывающий дух;nəfəskəsən, valehedici;The view from the top was breathtaking.;/ˈbreθteɪkɪŋ/;adjective
wander;бродить;dolaşmaq, gəzib-dolaşmaq;We wandered around the old streets all day.;/ˈwɒndə(r)/;verb
backpacker;турист с рюкзаком, бэкпекер;bekpeker, kürək çantalı səyyah;The hostel was full of backpackers.;/ˈbækpækə(r)/;noun
compass;компас;kompas;We used a compass to find our way.;/ˈkʌmpəs/;noun
sleeping bag;спальный мешок;yataq kisəsi;Don't forget to take your sleeping bag.;/ˈsliːpɪŋ bæɡ/;noun
expedition;экспедиция;ekspedisiya;They went on an expedition to the North Pole.;/ˌekspəˈdɪʃn/;noun
voyage;плавание, морское путешествие;uzun dəniz səfəri;The voyage across the ocean took three weeks.;/ˈvɔɪɪdʒ/;noun
trek;долгий поход, трекинг;uzun piyada yürüş;The trek to the village took two days.;/trek/;noun
hitchhike;путешествовать автостопом;avtostopla səyahət etmək;They hitchhiked across Europe.;/ˈhɪtʃhaɪk/;verb
off the beaten track;вдали от туристических маршрутов;turist yollarından uzaq;We found a quiet beach off the beaten track.;/ˌɒf ðə ˌbiːtn ˈtræk/;phrase
