# Медиа и новости | word ; русский ; azərbaycanca ; example ; ipa ; part of speech
magazine;журнал;jurnal;She buys a fashion magazine every month.;/ˌmæɡəˈziːn/;noun
article;статья;məqalə;I read an interesting article about Baku.;/ˈɑːtɪkl/;noun
channel;канал;kanal;What's on the other channel?;/ˈtʃænl/;noun
programme;программа, передача;veriliş, proqram;This programme is very popular.;/ˈprəʊɡræm/;noun
series;сериал, серия;serial, seriya;I'm watching a new Turkish series.;/ˈsɪəriːz/;noun
journalist;журналист;jurnalist;The journalist asked the minister a question.;/ˈdʒɜːnəlɪst/;noun
reporter;репортёр, корреспондент;müxbir;A reporter from the TV channel talked to us.;/rɪˈpɔːtə(r)/;noun
presenter;ведущий (программы);aparıcı;She is a famous TV presenter.;/prɪˈzentə(r)/;noun
headline;заголовок;başlıq;Did you see the headlines today?;/ˈhedlaɪn/;noun
media;СМИ, медиа;media, KİV;The media can influence people.;/ˈmiːdiə/;noun
press;пресса;mətbuat;The press wrote a lot about the wedding.;/pres/;noun
advertisement;реклама, объявление;reklam, elan;There are too many advertisements on TV.;/ədˈvɜːtɪsmənt/;noun
documentary;документальный фильм;sənədli film;We watched a documentary about whales.;/ˌdɒkjuˈmentri/;noun
audience;аудитория, зрители;tamaşaçılar, auditoriya;The show has a large audience.;/ˈɔːdiəns/;noun
celebrity;знаменитость;məşhur şəxs;She follows a lot of celebrities on Instagram.;/səˈlebrəti/;noun
post;пост, публикация;paylaşım, post;Her last post got 1000 likes.;/pəʊst/;noun
share;делиться, репостить;paylaşmaq;He shared the article on Facebook.;/ʃeə(r)/;verb
comment;комментарий;şərh;Read the comments under the post.;/ˈkɒment/;noun
follower;подписчик;izləyici;She has 50,000 followers.;/ˈfɒləʊə(r)/;noun
blog;блог;bloq;He writes a blog about cooking.;/blɒɡ/;noun
podcast;подкаст;podkast;I listen to podcasts in the car.;/ˈpɒdkɑːst/;noun
subscribe;подписываться;abunə olmaq;Subscribe to our channel!;/səbˈskraɪb/;verb
announce;объявлять;elan etmək;The president announced the news on TV.;/əˈnaʊns/;verb
publish;публиковать, издавать;dərc etmək, nəşr etmək;The magazine published my article.;/ˈpʌblɪʃ/;verb
broadcast;транслировать, передавать в эфир;yayımlamaq;The match will be broadcast on TV tonight.;/ˈbrɔːdkɑːst/;verb
source;источник;mənbə;Always check the source of the information.;/sɔːs/;noun
fake;фальшивый, поддельный;saxta;There are a lot of fake stories online.;/feɪk/;adjective
editor;редактор;redaktor;The editor checked my article.;/ˈedɪtə(r)/;noun
