# Транспорт и дорога | word ; русский ; azərbaycanca ; example ; ipa ; part of speech
road;дорога;yol;This road goes to the sea.;/rəʊd/;noun
turn;поворачивать;dönmək;Turn left at the bank.;/tɜːn/;verb
seat;место, сиденье;oturacaq, yer;Is this seat free?;/siːt/;noun
passenger;пассажир;sərnişin;The bus has thirty passengers.;/ˈpæsɪndʒə/;noun
traffic jam;пробка (на дороге);tıxac;I was late because of a traffic jam.;/ˈtræfɪk dʒæm/;noun
miss;опоздать (на транспорт), скучать;qaçırmaq, darıxmaq;Hurry up or we'll miss the bus.;/mɪs/;verb
catch;успеть (на транспорт), ловить;çatmaq, tutmaq;I catch the eight o'clock train.;/kætʃ/;verb
get on;садиться (в транспорт);minmək;Get on the bus at the next stop.;/ɡet ˈɒn/;phrasal verb
get off;выходить (из транспорта);düşmək;We get off at Sahil station.;/ɡet ˈɒf/;phrasal verb
ride;ехать (на велосипеде, лошади);sürmək, minmək;Can you ride a bike?;/raɪd/;verb
boat;лодка;qayıq;We went on a boat trip.;/bəʊt/;noun
ship;корабль;gəmi;The ship goes across the Caspian Sea.;/ʃɪp/;noun
motorbike;мотоцикл;motosiklet;My brother rides a motorbike.;/ˈməʊtəbaɪk/;noun
accident;авария, несчастный случай;qəza;There was an accident on the road.;/ˈæksɪdənt/;noun
petrol;бензин;benzin;We need to buy petrol.;/ˈpetrəl/;noun
speed;скорость;sürət;Don't drive at high speed.;/spiːd/;noun
platform;платформа;platforma;The train leaves from platform two.;/ˈplætfɔːm/;noun
timetable;расписание;cədvəl, hərəkət cədvəli;Check the bus timetable.;/ˈtaɪmteɪbl/;noun
driving licence;водительские права;sürücülük vəsiqəsi;He got his driving licence last year.;/ˈdraɪvɪŋ laɪsns/;noun
helmet;шлем;dəbilqə;Always wear a helmet on a motorbike.;/ˈhelmɪt/;noun
tram;трамвай;tramvay;There are trams in many European cities.;/træm/;noun
crossroads;перекрёсток;yolayrıcı, dördyol;Stop at the crossroads.;/ˈkrɒsrəʊdz/;noun
pavement;тротуар;səki;Walk on the pavement, not on the road.;/ˈpeɪvmənt/;noun
direction;направление;istiqamət;Is this the right direction to the station?;/dəˈrekʃn/;noun
fare;плата за проезд;yol haqqı, gediş haqqı;The bus fare is sixty qapiks.;/feə/;noun
delay;задержка;gecikmə;There is a delay of two hours.;/dɪˈleɪ/;noun
departure;отправление, вылет;yola düşmə, gediş;Our departure is at half past ten.;/dɪˈpɑːtʃə/;noun
motorway;автомагистраль, шоссе;avtomagistral;The motorway is very busy today.;/ˈməʊtəweɪ/;noun
