# Время и частота | word ; русский ; azərbaycanca ; example ; ipa ; part of speech
always;всегда;həmişə;I always drink tea in the morning.;/ˈɔːlweɪz/;adverb
usually;обычно;adətən;I usually get up at seven.;/ˈjuːʒuəli/;adverb
often;часто;tez-tez;We often go to the park.;/ˈɒfn/;adverb
sometimes;иногда;bəzən;I sometimes eat fish.;/ˈsʌmtaɪmz/;adverb
never;никогда;heç vaxt;I never drink coffee at night.;/ˈnevə(r)/;adverb
already;уже;artıq;I have already eaten.;/ɔːlˈredi/;adverb
still;всё ещё;hələ də;It is still raining.;/stɪl/;adverb
soon;скоро;tezliklə;See you soon!;/suːn/;adverb
later;позже;sonra;I will call you later.;/ˈleɪtə(r)/;adverb
now;сейчас;indi;I am busy now.;/naʊ/;adverb
early;рано;erkən, tez;I get up early.;/ˈɜːli/;adverb
late;поздно, опоздавший;gec;Don't be late!;/leɪt/;adverb, adjective
again;снова, опять;yenə, təkrar;Say it again, please.;/əˈɡen/;adverb
ago;назад (о времени);əvvəl;I came here two years ago.;/əˈɡəʊ/;adverb
then;потом, тогда;sonra, onda;First eat, then play.;/ðen/;adverb
after;после;sonra;Let's go after lunch.;/ˈɑːftə(r)/;preposition
before;до, перед;əvvəl;Wash your hands before dinner.;/bɪˈfɔː(r)/;preposition
during;во время;ərzində, zamanı;Don't talk during the lesson.;/ˈdjʊərɪŋ/;preposition
weekend;выходные;həftə sonu;What do you do at the weekend?;/ˌwiːkˈend/;noun
season;время года;fəsil;What is your favourite season?;/ˈsiːzn/;noun
autumn;осень;payız;The leaves fall in autumn.;/ˈɔːtəm/;noun
winter;зима;qış;It snows in winter.;/ˈwɪntə(r)/;noun
spring;весна;yaz;Flowers grow in spring.;/sprɪŋ/;noun
midnight;полночь;gecə yarısı;I go to bed at midnight.;/ˈmɪdnaɪt/;noun
noon;полдень;günorta;We have lunch at noon.;/nuːn/;noun
