# Числа | word ; русский ; azərbaycanca ; example ; ipa ; part of speech
zero;ноль;sıfır;The number is zero.;/ˈzɪərəʊ/;number
one;один;bir;I have one sister.;/wʌn/;number
two;два;iki;I have two brothers.;/tuː/;number
three;три;üç;We have three cats.;/θriː/;number
four;четыре;dörd;A table has four legs.;/fɔː(r)/;number
five;пять;beş;I have five fingers on my hand.;/faɪv/;number
six;шесть;altı;I get up at six.;/sɪks/;number
seven;семь;yeddi;A week has seven days.;/ˈsevn/;number
eight;восемь;səkkiz;The lesson starts at eight.;/eɪt/;number
nine;девять;doqquz;My cousin is nine.;/naɪn/;number
ten;десять;on;I have ten books.;/ten/;number
twenty;двадцать;iyirmi;She is twenty years old.;/ˈtwenti/;number
hundred;сто;yüz;This bag costs a hundred manats.;/ˈhʌndrəd/;number
thousand;тысяча;min;A thousand people live here.;/ˈθaʊznd/;number
first;первый;birinci;This is my first English lesson.;/fɜːst/;number
second;второй;ikinci;We live on the second floor.;/ˈsekənd/;number
third;третий;üçüncü;He is the third in the line.;/θɜːd/;number
number;число, номер;rəqəm, nömrə;What is your phone number?;/ˈnʌmbə(r)/;noun
half;половина;yarım, yarı;I eat half an apple.;/hɑːf/;noun
how many;сколько;neçə;How many brothers do you have?;/ˌhaʊ ˈmeni/;phrase
